utime,value
1535385092152513.0,-0.005164012244013836
1535385092163062.0,-0.005164012244013836
1535385092172644.0,-0.005164012244013836
1535385092182210.0,-0.005164012244013836
1535385092192295.0,-0.005164012244013836
1535385092203843.0,-0.003418682992021094
1535385092212547.0,-0.005164012244013836
1535385092223011.0,-0.005164012244013836
1535385092232449.0,-0.005164012244013836
1535385092243012.0,-0.005164012244013836
1535385092253144.0,-0.003418682992021094
1535385092262288.0,-0.005164012244013836
1535385092272902.0,-0.005164012244013836
1535385092282212.0,-0.005164012244013836
1535385092292574.0,-0.005164012244013836
1535385092303154.0,-0.005164012244013836
1535385092312732.0,-0.005164012244013836
1535385092323148.0,-0.005164012244013836
1535385092333151.0,-0.003418682992021094
1535385092342202.0,-0.005164012244013836
1535385092352585.0,-0.003418682992021094
1535385092362938.0,-0.005164012244013836
1535385092372519.0,-0.005164012244013836
1535385092383128.0,-0.005164012244013836
1535385092392697.0,-0.005164012244013836
1535385092402220.0,-0.005164012244013836
1535385092412340.0,-0.003418682992021094
1535385092433049.0,-0.005164012244013836
1535385092442432.0,-0.003418682992021094
1535385092452912.0,-0.005164012244013836
1535385092462404.0,-0.005164012244013836
1535385092473089.0,-0.005164012244013836
1535385092483076.0,-0.003418682992021094
1535385092492283.0,-0.005164012244013836
1535385092502714.0,-0.005164012244013836
1535385092512109.0,-0.005164012244013836
1535385092522644.0,-0.005164012244013836
1535385092532208.0,-0.005164012244013836
1535385092542754.0,-0.005164012244013836
1535385092553045.0,-0.005164012244013836
1535385092562356.0,-0.005164012244013836
1535385092573362.0,-0.005164012244013836
1535385092583049.0,-0.003418682992021094
1535385092592461.0,-0.005164012244013836
1535385092603355.0,-0.003418682992021094
1535385092612519.0,-0.005164012244013836
1535385092623034.0,-0.005164012244013836
1535385092632460.0,-0.005164012244013836
1535385092642808.0,-0.005164012244013836
1535385092652211.0,-0.005164012244013836
1535385092662521.0,-0.005164012244013836
1535385092673022.0,-0.005164012244013836
1535385092693030.0,-0.005164012244013836
1535385092702408.0,-0.005164012244013836
1535385092712160.0,-0.003418682992021094
1535385092722554.0,-0.005164012244013836
1535385092732912.0,-0.005164012244013836
1535385092744681.0,-0.005164012244013836
1535385092752521.0,-0.005164012244013836
1535385092762079.0,-0.005164012244013836
1535385092773027.0,-0.003418682992021094
1535385092782194.0,-0.003418682992021094
1535385092792576.0,-0.003418682992021094
1535385092802911.0,-0.006909341496006579
1535385092812557.0,-0.006909341496006579
1535385092822137.0,-0.006909341496006579
1535385092832675.0,-0.006909341496006579
1535385092842954.0,-0.006909341496006579
1535385092852489.0,-0.006909341496006579
1535385092862909.0,-0.006909341496006579
1535385092872467.0,-0.006909341496006579
1535385092882804.0,-0.005164012244013836
1535385092892457.0,-0.0016733537400283518
1535385092903039.0,-0.0016733537400283518
1535385092912959.0,-0.0016733537400283518
1535385092922949.0,-0.0016733537400283518
1535385092932693.0,7.197551197232754e-05
1535385092942056.0,0.0018173047639650688
1535385092953030.0,0.0018173047639650688
1535385092962927.0,0.0035626340159578117
1535385092972512.0,0.0035626340159578117
1535385092982118.0,0.0035626340159578117
1535385092992910.0,0.0035626340159578117
1535385093012779.0,0.005307963267950553
1535385093022168.0,0.005307963267950553
1535385093032605.0,0.005307963267950553
1535385093042158.0,0.005307963267950553
1535385093052757.0,0.005307963267950553
1535385093062903.0,0.005307963267950553
1535385093072560.0,0.005307963267950553
1535385093081961.0,0.007053292519943296
1535385093092311.0,0.007053292519943296
1535385093102669.0,0.007053292519943296
1535385093112278.0,0.007053292519943296
1535385093122909.0,0.007053292519943296
1535385093132925.0,0.007053292519943296
1535385093142908.0,0.007053292519943296
1535385093152802.0,0.007053292519943296
1535385093162200.0,0.007053292519943296
1535385093172657.0,0.007053292519943296
1535385093182196.0,0.007053292519943296
1535385093192758.0,0.007053292519943296
1535385093202528.0,0.007053292519943296
1535385093212911.0,0.007053292519943296
1535385093222311.0,0.007053292519943296
1535385093232675.0,0.007053292519943296
1535385093242014.0,0.007053292519943296
1535385093252602.0,0.007053292519943296
1535385093262186.0,0.008798621771943974
1535385093272810.0,0.007053292519943296
1535385093282933.0,0.008798621771943974
1535385093292637.0,0.008798621771943974
1535385093303034.0,0.008798621771943974
1535385093312599.0,0.008798621771943974
1535385093322082.0,0.008798621771943974
1535385093332735.0,0.008798621771943974
1535385093342278.0,0.010543951023936717
1535385093352093.0,0.010543951023936717
1535385093362772.0,0.01228928027592946
1535385093372368.0,0.01228928027592946
1535385093382756.0,0.014034609527922202
1535385093392108.0,0.014034609527922202
1535385093402876.0,0.015779938779914945
1535385093412252.0,0.015779938779914945
1535385093421899.0,0.015779938779914945
1535385093432783.0,0.015779938779914945
1535385093452794.0,0.015779938779914945
1535385093462213.0,0.015779938779914945
1535385093472721.0,0.015779938779914945
1535385093482200.0,0.015779938779914945
1535385093491882.0,0.015779938779914945
1535385093502800.0,0.015779938779914945
1535385093512693.0,0.015779938779914945
1535385093522207.0,0.015779938779914945
1535385093532466.0,0.015779938779914945
1535385093541831.0,0.015779938779914945
1535385093552401.0,0.015779938779914945
1535385093561942.0,0.015779938779914945
1535385093571943.0,0.015779938779914945
1535385093581857.0,0.017525268031915623
1535385093592190.0,0.015779938779914945
1535385093602580.0,0.015779938779914945
1535385093611962.0,0.017525268031915623
1535385093622288.0,0.017525268031915623
1535385093632054.0,0.017525268031915623
1535385093642616.0,0.017525268031915623
1535385093651850.0,0.017525268031915623
1535385093661776.0,0.017525268031915623
1535385093672210.0,0.017525268031915623
1535385093684595.0,0.017525268031915623
1535385093692034.0,0.017525268031915623
1535385093703056.0,0.017525268031915623
1535385093712110.0,0.017525268031915623
1535385093721859.0,0.019270597283908366
1535385093731813.0,0.017525268031915623
1535385093742183.0,0.019270597283908366
1535385093752022.0,0.017525268031915623
1535385093762249.0,0.017525268031915623
1535385093771994.0,0.017525268031915623
1535385093782423.0,0.017525268031915623
1535385093792557.0,0.017525268031915623
1535385093802469.0,0.017525268031915623
1535385093812269.0,0.019270597283908366
1535385093822545.0,0.017525268031915623
1535385093832080.0,0.019270597283908366
1535385093842519.0,0.019270597283908366
1535385093852130.0,0.019270597283908366
1535385093862669.0,0.019270597283908366
1535385093871902.0,0.019270597283908366
1535385093881890.0,0.019270597283908366
1535385093892195.0,0.019270597283908366
1535385093902495.0,0.019270597283908366
1535385093911866.0,0.019270597283908366
1535385093922323.0,0.019270597283908366
1535385093932075.0,0.017525268031915623
1535385093941968.0,0.017525268031915623
1535385093952485.0,0.019270597283908366
1535385093962219.0,0.019270597283908366
1535385093972556.0,0.019270597283908366
1535385093981981.0,0.017525268031915623
1535385093992442.0,0.017525268031915623
1535385094002029.0,0.019270597283908366
1535385094011868.0,0.019270597283908366
1535385094021728.0,0.017525268031915623
1535385094032079.0,0.019270597283908366
1535385094042411.0,0.019270597283908366
1535385094051756.0,0.019270597283908366
1535385094062213.0,0.019270597283908366
1535385094072605.0,0.019270597283908366
1535385094082438.0,0.019270597283908366
1535385094091912.0,0.019270597283908366
1535385094101903.0,0.017525268031915623
1535385094112491.0,0.019270597283908366
1535385094121794.0,0.017525268031915623
1535385094132129.0,0.019270597283908366
1535385094141772.0,0.017525268031915623
1535385094152369.0,0.017525268031915623
1535385094162043.0,0.019270597283908366
1535385094171895.0,0.017525268031915623
1535385094182325.0,0.019270597283908366
1535385094192580.0,0.019270597283908366
1535385094202149.0,0.019270597283908366
1535385094211778.0,0.019270597283908366
1535385094222296.0,0.017525268031915623
1535385094231864.0,0.019270597283908366
1535385094241806.0,0.019270597283908366
1535385094252154.0,0.017525268031915623
1535385094262463.0,0.019270597283908366
1535385094272065.0,0.019270597283908366
1535385094282494.0,0.017525268031915623
1535385094292046.0,0.017525268031915623
1535385094302619.0,0.019270597283908366
1535385094312267.0,0.019270597283908366
1535385094321625.0,0.017525268031915623
1535385094332105.0,0.019270597283908366
1535385094342369.0,0.017525268031915623
1535385094352706.0,0.019270597283908366
1535385094362278.0,0.019270597283908366
1535385094371866.0,0.017525268031915623
1535385094381825.0,0.017525268031915623
1535385094391838.0,0.019270597283908366
1535385094405032.0,0.019270597283908366
1535385094412507.0,0.019270597283908366
1535385094421880.0,0.019270597283908366
1535385094432626.0,0.019270597283908366
1535385094442054.0,0.019270597283908366
1535385094451700.0,0.019270597283908366
1535385094461829.0,0.019270597283908366
1535385094472232.0,0.021015926535901105
1535385094482552.0,0.021015926535901105
1535385094492074.0,0.021015926535901105
1535385094502754.0,0.021015926535901105
1535385094512102.0,0.021015926535901105
1535385094521676.0,0.021015926535901105
1535385094531825.0,0.021015926535901105
1535385094541834.0,0.021015926535901105
1535385094552345.0,0.021015926535901105
1535385094561720.0,0.021015926535901105
1535385094572058.0,0.021015926535901105
1535385094582476.0,0.021015926535901105
1535385094592030.0,0.021015926535901105
1535385094602556.0,0.021015926535901105
1535385094611881.0,0.021015926535901105
1535385094622190.0,0.021015926535901105
1535385094632499.0,0.021015926535901105
1535385094641846.0,0.021015926535901105
1535385094652456.0,0.021015926535901105
1535385094662017.0,0.021015926535901105
1535385094671944.0,0.021015926535901105
1535385094681803.0,0.021015926535901105
1535385094692291.0,0.021015926535901105
1535385094701702.0,0.021015926535901105
1535385094711992.0,0.021015926535901105
1535385094722435.0,0.021015926535901105
1535385094732059.0,0.021015926535901105
1535385094741644.0,0.021015926535901105
1535385094751871.0,0.021015926535901105
1535385094761790.0,0.021015926535901105
1535385094772520.0,0.021015926535901105
1535385094781799.0,0.021015926535901105
1535385094792119.0,0.021015926535901105
1535385094801587.0,0.021015926535901105
1535385094812163.0,0.021015926535901105
1535385094821825.0,0.021015926535901105
1535385094831892.0,0.021015926535901105
1535385094842313.0,0.021015926535901105
1535385094851673.0,0.021015926535901105
1535385094861988.0,0.021015926535901105
1535385094872426.0,0.021015926535901105
1535385094882002.0,0.021015926535901105
1535385094891656.0,0.021015926535901105
1535385094901857.0,0.021015926535901105
1535385094911956.0,0.021015926535901105
1535385094922277.0,0.021015926535901105
1535385094931634.0,0.021015926535901105
1535385094942048.0,0.021015926535901105
1535385094951634.0,0.021015926535901105
1535385094962197.0,0.021015926535901105
1535385094971893.0,0.021015926535901105
1535385094981857.0,0.021015926535901105
1535385094992298.0,0.021015926535901105
1535385095002438.0,0.021015926535901105
1535385095012738.0,0.021015926535901105
1535385095021698.0,0.021015926535901105
1535385095032215.0,0.021015926535901105
1535385095041986.0,0.021015926535901105
1535385095051837.0,0.021015926535901105
1535385095062947.0,0.021015926535901105
1535385095072006.0,0.021015926535901105
1535385095082250.0,0.021015926535901105
1535385095091744.0,0.021015926535901105
1535385095102314.0,0.021015926535901105
1535385095112003.0,0.021015926535901105
1535385095122424.0,0.021015926535901105
1535385095131886.0,0.021015926535901105
1535385095142330.0,0.021015926535901105
1535385095151694.0,0.021015926535901105
1535385095161991.0,0.021015926535901105
1535385095171881.0,0.021015926535901105
1535385095182396.0,0.021015926535901105
1535385095192049.0,0.021015926535901105
1535385095202489.0,0.021015926535901105
1535385095211491.0,0.021015926535901105
1535385095221805.0,0.021015926535901105
1535385095232253.0,0.021015926535901105
1535385095241797.0,0.02276125578789385
1535385095251297.0,0.021015926535901105
1535385095262027.0,0.021015926535901105
1535385095271901.0,0.021015926535901105
1535385095281503.0,0.021015926535901105
1535385095292028.0,0.021015926535901105
1535385095301289.0,0.021015926535901105
1535385095311870.0,0.021015926535901105
1535385095322358.0,0.021015926535901105
1535385095331981.0,0.021015926535901105
1535385095341823.0,0.021015926535901105
1535385095351859.0,0.021015926535901105
1535385095362142.0,0.02276125578789385
1535385095371588.0,0.021015926535901105
1535385095382106.0,0.021015926535901105
1535385095392136.0,0.021015926535901105
1535385095401773.0,0.021015926535901105
1535385095411355.0,0.021015926535901105
1535385095422261.0,0.021015926535901105
1535385095431515.0,0.021015926535901105
1535385095441922.0,0.021015926535901105
1535385095452207.0,0.021015926535901105
1535385095461641.0,0.021015926535901105
1535385095472779.0,0.021015926535901105
1535385095481888.0,0.021015926535901105
1535385095491895.0,0.021015926535901105
1535385095501823.0,0.021015926535901105
1535385095512208.0,0.021015926535901105
1535385095521558.0,0.021015926535901105
1535385095531854.0,0.021015926535901105
1535385095541507.0,0.021015926535901105
1535385095551548.0,0.021015926535901105
1535385095562238.0,0.021015926535901105
1535385095571933.0,0.021015926535901105
1535385095582265.0,0.021015926535901105
1535385095591801.0,0.021015926535901105
1535385095611553.0,0.021015926535901105
1535385095622206.0,0.021015926535901105
1535385095631848.0,0.021015926535901105
1535385095641794.0,0.021015926535901105
1535385095651821.0,0.021015926535901105
1535385095662169.0,0.021015926535901105
1535385095671549.0,0.021015926535901105
1535385095682214.0,0.021015926535901105
1535385095691466.0,0.021015926535901105
1535385095702065.0,0.021015926535901105
1535385095716576.0,0.021015926535901105
1535385095722218.0,0.021015926535901105
1535385095731878.0,0.021015926535901105
1535385095742198.0,0.021015926535901105
1535385095752032.0,0.021015926535901105
1535385095761517.0,0.02276125578789385
1535385095772117.0,0.021015926535901105
1535385095781753.0,0.021015926535901105
1535385095791833.0,0.021015926535901105
1535385095801847.0,0.021015926535901105
1535385095811656.0,0.021015926535901105
1535385095822003.0,0.021015926535901105
1535385095831705.0,0.021015926535901105
1535385095842231.0,0.021015926535901105
1535385095851894.0,0.02276125578789385
1535385095861779.0,0.021015926535901105
1535385095871688.0,0.021015926535901105
1535385095881987.0,0.021015926535901105
1535385095891492.0,0.021015926535901105
1535385095902011.0,0.021015926535901105
1535385095911546.0,0.021015926535901105
1535385095922225.0,0.02276125578789385
1535385095931834.0,0.021015926535901105
1535385095941822.0,0.021015926535901105
1535385095951328.0,0.021015926535901105
1535385095961677.0,0.021015926535901105
1535385095971873.0,0.021015926535901105
1535385095981414.0,0.021015926535901105
1535385095991995.0,0.021015926535901105
1535385096002702.0,0.021015926535901105
1535385096011851.0,0.021015926535901105
1535385096021127.0,0.021015926535901105
1535385096031483.0,0.021015926535901105
1535385096041802.0,0.021015926535901105
1535385096051271.0,0.021015926535901105
1535385096071590.0,0.021015926535901105
1535385096081826.0,0.021015926535901105
1535385096091776.0,0.021015926535901105
1535385096101093.0,0.021015926535901105
1535385096111480.0,0.021015926535901105
1535385096121871.0,0.021015926535901105
1535385096131429.0,0.021015926535901105
1535385096141978.0,0.021015926535901105
1535385096151824.0,0.021015926535901105
1535385096161787.0,0.021015926535901105
1535385096171209.0,0.021015926535901105
1535385096181516.0,0.021015926535901105
1535385096192055.0,0.021015926535901105
1535385096201792.0,0.021015926535901105
1535385096221703.0,0.021015926535901105
1535385096231812.0,0.021015926535901105
1535385096241212.0,0.021015926535901105
1535385096251526.0,0.021015926535901105
1535385096261830.0,0.021015926535901105
1535385096271605.0,0.021015926535901105
1535385096281112.0,0.021015926535901105
1535385096291866.0,0.021015926535901105
1535385096301791.0,0.021015926535901105
1535385096311996.0,0.021015926535901105
1535385096321403.0,0.021015926535901105
1535385096331997.0,0.021015926535901105
1535385096341579.0,0.021015926535901105
1535385096351990.0,0.021015926535901105
1535385096361517.0,0.021015926535901105
1535385096371846.0,0.021015926535901105
1535385096381822.0,0.021015926535901105
1535385096391279.0,0.021015926535901105
1535385096401630.0,0.021015926535901105
1535385096412002.0,0.021015926535901105
1535385096421399.0,0.021015926535901105
1535385096431988.0,0.021015926535901105
1535385096441600.0,0.021015926535901105
1535385096451884.0,0.021015926535901105
1535385096461259.0,0.021015926535901105
1535385096471845.0,0.021015926535901105
1535385096481185.0,0.021015926535901105
1535385096491654.0,0.021015926535901105
1535385096501145.0,0.021015926535901105
1535385096511686.0,0.021015926535901105
1535385096522015.0,0.021015926535901105
1535385096531885.0,0.021015926535901105
1535385096541259.0,0.021015926535901105
1535385096551540.0,0.021015926535901105
1535385096561991.0,0.021015926535901105
1535385096571507.0,0.021015926535901105
1535385096582001.0,0.021015926535901105
1535385096591837.0,0.021015926535901105
1535385096601843.0,0.021015926535901105
1535385096611336.0,0.021015926535901105
1535385096621673.0,0.021015926535901105
1535385096631184.0,0.021015926535901105
1535385096641662.0,0.021015926535901105
1535385096651216.0,0.021015926535901105
1535385096661815.0,0.021015926535901105
1535385096671801.0,0.021015926535901105
1535385096680887.0,0.021015926535901105
1535385096691438.0,0.021015926535901105
1535385096701916.0,0.021015926535901105
1535385096711229.0,0.021015926535901105
1535385096721791.0,0.021015926535901105
1535385096731304.0,0.021015926535901105
1535385096742035.0,0.021015926535901105
1535385096750897.0,0.021015926535901105
1535385096761289.0,0.021015926535901105
1535385096771580.0,0.021015926535901105
1535385096780996.0,0.021015926535901105
1535385096791602.0,0.021015926535901105
1535385096801130.0,0.021015926535901105
1535385096811812.0,0.021015926535901105
1535385096821791.0,0.021015926535901105
1535385096831357.0,0.019270597283908366
1535385096841837.0,0.021015926535901105
1535385096851011.0,0.021015926535901105
1535385096861530.0,0.021015926535901105
1535385096871091.0,0.021015926535901105
1535385096881737.0,0.019270597283908366
1535385096891772.0,0.019270597283908366
1535385096901033.0,0.017525268031915623
1535385096911548.0,0.017525268031915623
1535385096920872.0,0.017525268031915623
1535385096931446.0,0.015779938779914945
1535385096941131.0,0.015779938779914945
1535385096951641.0,0.015779938779914945
1535385096961694.0,0.015779938779914945
1535385096971013.0,0.014034609527922202
1535385096981393.0,0.014034609527922202
1535385096991679.0,0.014034609527922202
1535385097001121.0,0.014034609527922202
1535385097011713.0,0.014034609527922202
1535385097021260.0,0.014034609527922202
1535385097031681.0,0.01228928027592946
1535385097041688.0,0.010543951023936717
1535385097051154.0,0.010543951023936717
1535385097061484.0,0.010543951023936717
1535385097071063.0,0.008798621771943974
1535385097081943.0,0.008798621771943974
1535385097091157.0,0.007053292519943296
1535385097100725.0,0.005307963267950553
1535385097111675.0,0.0035626340159578117
1535385097121247.0,0.0035626340159578117
1535385097130786.0,0.0018173047639650688
1535385097141112.0,7.197551197232754e-05
1535385097151519.0,7.197551197232754e-05
1535385097161036.0,-0.0016733537400283518
1535385097170798.0,-0.0016733537400283518
1535385097181673.0,-0.003418682992021094
1535385097191051.0,-0.005164012244013836
1535385097201405.0,-0.006909341496006579
1535385097210732.0,-0.00865467074799932
1535385097221153.0,-0.0104
1535385097230694.0,-0.012145329251992742
1535385097241261.0,-0.013890658503985484
1535385097251628.0,-0.015635987755978225
1535385097261632.0,-0.015635987755978225
1535385097271270.0,-0.017381317007970968
1535385097281569.0,-0.019126646259971646
1535385097291310.0,-0.02087197551196439
1535385097300783.0,-0.02261730476395713
1535385097311379.0,-0.024362634015949874
1535385097320923.0,-0.026107963267942617
1535385097331612.0,-0.027853292519943295
1535385097341134.0,-0.029598621771936038
1535385097351512.0,-0.029598621771936038
1535385097360784.0,-0.031343951023928784
1535385097371190.0,-0.03308928027592152
1535385097380628.0,-0.03308928027592152
1535385097391528.0,-0.03483460952791426
1535385097401589.0,-0.036579938779914944
1535385097411151.0,-0.036579938779914944
1535385097421533.0,-0.03832526803190768
1535385097431039.0,-0.03832526803190768
1535385097442060.0,-0.03832526803190768
1535385097450917.0,-0.03832526803190768
1535385097461579.0,-0.04007059728390043
1535385097471567.0,-0.041815926535893166
1535385097481541.0,-0.041815926535893166
1535385097491386.0,-0.041815926535893166
1535385097500745.0,-0.04356125578788591
1535385097511237.0,-0.04356125578788591
1535385097520734.0,-0.04530658503988659
1535385097531293.0,-0.04705191429187933
1535385097540824.0,-0.048797243543872076
1535385097551539.0,-0.05054257279586482
1535385097561231.0,-0.05228790204785756
1535385097570819.0,-0.05228790204785756
1535385097581166.0,-0.05577856055185098
1535385097591556.0,-0.05577856055185098
1535385097601241.0,-0.05752388980384372
1535385097611608.0,-0.059269219055836465
1535385097620771.0,-0.059269219055836465
1535385097631243.0,-0.06101454830782921
1535385097640740.0,-0.0627598775598299
1535385097651018.0,-0.06450520681182262
1535385097661462.0,-0.06625053606381537
1535385097672460.0,-0.06625053606381537
1535385097681504.0,-0.06799586531580812
1535385097691499.0,-0.06974119456780085
1535385097701520.0,-0.07148652381980153
1535385097711492.0,-0.07323185307179428
1535385097720903.0,-0.07323185307179428
1535385097731409.0,-0.07497718232378703
1535385097740914.0,-0.07672251157577975
1535385097751518.0,-0.0784678408277725
1535385097761089.0,-0.0784678408277725
1535385097771462.0,-0.08021317007977319
1535385097780464.0,-0.08021317007977319
1535385097791109.0,-0.08195849933176591
1535385097801431.0,-0.08370382858375866
1535385097811085.0,-0.08370382858375866
1535385097820642.0,-0.08544915783575141
1535385097831175.0,-0.08544915783575141
1535385097841446.0,-0.08544915783575141
1535385097851317.0,-0.08544915783575141
1535385097860729.0,-0.08719448708774416
1535385097871063.0,-0.08719448708774416
1535385097881423.0,-0.08893981633974482
1535385097891253.0,-0.08893981633974482
1535385097900804.0,-0.08893981633974482
1535385097911085.0,-0.09068514559173757
1535385097920863.0,-0.09068514559173757
1535385097930757.0,-0.09243047484373032
1535385097941128.0,-0.09243047484373032
1535385097951403.0,-0.09068514559173757
1535385097960892.0,-0.09068514559173757
1535385097970467.0,-0.09068514559173757
1535385097981092.0,-0.09243047484373032
1535385097991427.0,-0.09243047484373032
1535385098001340.0,-0.09243047484373032
1535385098010688.0,-0.09243047484373032
1535385098021086.0,-0.09243047484373032
1535385098031424.0,-0.09243047484373032
1535385098040937.0,-0.09243047484373032
1535385098050509.0,-0.09243047484373032
1535385098061403.0,-0.09243047484373032
1535385098071353.0,-0.09243047484373032
1535385098080683.0,-0.09243047484373032
1535385098091223.0,-0.09243047484373032
1535385098100504.0,-0.09243047484373032
1535385098111121.0,-0.09243047484373032
1535385098120724.0,-0.09243047484373032
1535385098131379.0,-0.09243047484373032
1535385098141384.0,-0.09243047484373032
1535385098150553.0,-0.09243047484373032
1535385098160883.0,-0.09243047484373032
1535385098171279.0,-0.09243047484373032
1535385098180729.0,-0.09417580409572304
1535385098190523.0,-0.09243047484373032
1535385098211206.0,-0.09417580409572304
1535385098231078.0,-0.09417580409572304
1535385098241172.0,-0.09417580409572304
1535385098250938.0,-0.09417580409572304
1535385098260517.0,-0.09417580409572304
1535385098271183.0,-0.09417580409572304
1535385098280362.0,-0.09417580409572304
1535385098290415.0,-0.09592113334771579
1535385098300790.0,-0.09592113334771579
1535385098311159.0,-0.09592113334771579
1535385098320647.0,-0.09766646259971648
1535385098331332.0,-0.09592113334771579
1535385098341003.0,-0.09592113334771579
1535385098351324.0,-0.09592113334771579
1535385098361285.0,-0.09592113334771579
1535385098371109.0,-0.09766646259971648
1535385098380467.0,-0.09592113334771579
1535385098391043.0,-0.09592113334771579
1535385098400513.0,-0.09766646259971648
1535385098411059.0,-0.09766646259971648
1535385098424566.0,-0.09766646259971648
1535385098431293.0,-0.09766646259971648
1535385098440480.0,-0.09766646259971648
1535385098450866.0,-0.09941179185170923
1535385098464577.0,-0.09941179185170923
1535385098470522.0,-0.10115712110370195
1535385098481214.0,-0.1029024503556947
1535385098491075.0,-0.10464777960768745
1535385098501270.0,-0.10464777960768745
1535385098511287.0,-0.10639310885968811
1535385098520732.0,-0.10639310885968811
1535385098531241.0,-0.10639310885968811
1535385098540573.0,-0.10639310885968811
1535385098551108.0,-0.10813843811168086
1535385098560674.0,-0.10639310885968811
1535385098570708.0,-0.10639310885968811
1535385098581232.0,-0.10639310885968811
1535385098590696.0,-0.10813843811168086
1535385098601053.0,-0.10813843811168086
1535385098610363.0,-0.10813843811168086
1535385098620866.0,-0.10813843811168086
1535385098630460.0,-0.10813843811168086
1535385098641097.0,-0.10813843811168086
1535385098651227.0,-0.10813843811168086
1535385098660540.0,-0.10813843811168086
1535385098670971.0,-0.10639310885968811
1535385098680253.0,-0.10639310885968811
1535385098690629.0,-0.10639310885968811
1535385098700497.0,-0.10639310885968811
1535385098711115.0,-0.10639310885968811
1535385098721221.0,-0.10464777960768745
1535385098730579.0,-0.10464777960768745
1535385098741422.0,-0.10464777960768745
1535385098750499.0,-0.10464777960768745
1535385098760885.0,-0.10464777960768745
1535385098770497.0,-0.1029024503556947
1535385098781108.0,-0.1029024503556947
1535385098791165.0,-0.1029024503556947
1535385098801174.0,-0.1029024503556947
1535385098811075.0,-0.1029024503556947
1535385098830719.0,-0.10115712110370195
1535385098840325.0,-0.10115712110370195
1535385098850872.0,-0.10115712110370195
1535385098860449.0,-0.10115712110370195
1535385098871179.0,-0.10115712110370195
1535385098880618.0,-0.10115712110370195
1535385098891060.0,-0.10115712110370195
1535385098900454.0,-0.10115712110370195
1535385098910732.0,-0.10115712110370195
1535385098920351.0,-0.10115712110370195
1535385098931116.0,-0.10115712110370195
1535385098941134.0,-0.09941179185170923
1535385098950661.0,-0.09941179185170923
1535385098961106.0,-0.09941179185170923
1535385098970639.0,-0.09941179185170923
1535385098981071.0,-0.09766646259971648
1535385098990620.0,-0.09766646259971648
1535385099000563.0,-0.09766646259971648
1535385099011103.0,-0.09592113334771579
1535385099021102.0,-0.09592113334771579
1535385099031067.0,-0.09592113334771579
1535385099040418.0,-0.09417580409572304
1535385099050736.0,-0.09243047484373032
1535385099060253.0,-0.09243047484373032
1535385099070916.0,-0.09068514559173757
1535385099080457.0,-0.08893981633974482
1535385099091100.0,-0.08893981633974482
1535385099100692.0,-0.08719448708774416
1535385099110249.0,-0.08719448708774416
1535385099120616.0,-0.08544915783575141
1535385099130941.0,-0.08370382858375866
1535385099140596.0,-0.08195849933176591
1535385099150172.0,-0.08195849933176591
1535385099161082.0,-0.08195849933176591
1535385099190427.0,-0.08195849933176591
1535385099200802.0,-0.08021317007977319
1535385099210625.0,-0.08195849933176591
1535385099220386.0,-0.08195849933176591
1535385099231087.0,-0.08195849933176591
1535385099241078.0,-0.08195849933176591
1535385099250956.0,-0.08195849933176591
1535385099260285.0,-0.08195849933176591
1535385099270856.0,-0.08021317007977319
1535385099280359.0,-0.08195849933176591
1535385099290947.0,-0.08195849933176591
1535385099300544.0,-0.08195849933176591
1535385099311115.0,-0.08195849933176591
1535385099320709.0,-0.08195849933176591
1535385099331104.0,-0.08195849933176591
1535385099340391.0,-0.08195849933176591
1535385099350902.0,-0.08195849933176591
1535385099360470.0,-0.08195849933176591
1535385099370084.0,-0.08195849933176591
1535385099381083.0,-0.08195849933176591
1535385099390806.0,-0.08195849933176591
1535385099401222.0,-0.08370382858375866
1535385099410741.0,-0.08195849933176591
1535385099420153.0,-0.08195849933176591
1535385099430728.0,-0.08195849933176591
1535385099440286.0,-0.08370382858375866
1535385099450995.0,-0.08195849933176591
1535385099460987.0,-0.08195849933176591
1535385099470988.0,-0.08021317007977319
1535385099480346.0,-0.0784678408277725
1535385099490621.0,-0.07672251157577975
1535385099500979.0,-0.07323185307179428
1535385099510571.0,-0.06974119456780085
1535385099520137.0,-0.06450520681182262
1535385099530972.0,-0.059269219055836465
1535385099540578.0,-0.054033231299858236
1535385099550961.0,-0.048797243543872076
1535385099560261.0,-0.041815926535893166
1535385099570858.0,-0.03483460952791426
1535385099580312.0,-0.029598621771936038
1535385099591620.0,-0.026107963267942617
1535385099600950.0,-0.02087197551196439
1535385099610894.0,-0.019126646259971646
1535385099620262.0,-0.017381317007970968
1535385099630599.0,-0.017381317007970968
1535385099639999.0,-0.017381317007970968
1535385099650614.0,-0.017381317007970968
1535385099660183.0,-0.019126646259971646
1535385099671915.0,-0.019126646259971646
1535385099680904.0,-0.02087197551196439
1535385099690929.0,-0.02261730476395713
1535385099700294.0,-0.027853292519943295
1535385099710589.0,-0.03308928027592152
1535385099721097.0,-0.03832526803190768
1535385099730614.0,-0.04356125578788591
1535385099740205.0,-0.04705191429187933
1535385099750904.0,-0.05054257279586482
1535385099760696.0,-0.054033231299858236
1535385099770126.0,-0.05752388980384372
1535385099780484.0,-0.06101454830782921
1535385099789982.0,-0.06101454830782921
1535385099800649.0,-0.06101454830782921
1535385099810208.0,-0.06101454830782921
1535385099820915.0,-0.06101454830782921
1535385099830681.0,-0.06101454830782921
1535385099840056.0,-0.06101454830782921
1535385099850343.0,-0.06101454830782921
1535385099859993.0,-0.059269219055836465
1535385099870617.0,-0.05752388980384372
1535385099880157.0,-0.05577856055185098
1535385099890840.0,-0.054033231299858236
1535385099900859.0,-0.05228790204785756
1535385099910136.0,-0.05054257279586482
1535385099920527.0,-0.048797243543872076
1535385099930825.0,-0.04356125578788591
1535385099940324.0,-0.036579938779914944
1535385099950116.0,-0.031343951023928784
1535385099960708.0,-0.026107963267942617
1535385099970852.0,-0.02087197551196439
1535385099980522.0,-0.017381317007970968
1535385099990350.0,-0.012145329251992742
1535385100000652.0,-0.00865467074799932
1535385100010081.0,-0.006909341496006579
1535385100020753.0,-0.005164012244013836
1535385100030351.0,-0.005164012244013836
1535385100040031.0,-0.005164012244013836
1535385100050115.0,-0.005164012244013836
1535385100060476.0,-0.005164012244013836
1535385100069845.0,-0.005164012244013836
1535385100080186.0,-0.005164012244013836
1535385100090786.0,-0.005164012244013836
1535385100100307.0,-0.005164012244013836
1535385100110780.0,-0.005164012244013836
1535385100120873.0,-0.005164012244013836
1535385100130456.0,-0.005164012244013836
1535385100139890.0,-0.005164012244013836
1535385100150183.0,-0.005164012244013836
1535385100160693.0,-0.005164012244013836
1535385100170225.0,-0.005164012244013836
1535385100180810.0,-0.005164012244013836
1535385100190769.0,-0.005164012244013836
1535385100209930.0,-0.005164012244013836
1535385100220301.0,-0.005164012244013836
1535385100230611.0,-0.005164012244013836
1535385100240275.0,-0.005164012244013836
1535385100250116.0,-0.005164012244013836
1535385100260724.0,-0.005164012244013836
1535385100270127.0,-0.005164012244013836
1535385100280489.0,-0.005164012244013836
1535385100289976.0,-0.005164012244013836
1535385100300312.0,-0.005164012244013836
1535385100309880.0,-0.005164012244013836
1535385100320522.0,-0.005164012244013836
1535385100330527.0,-0.005164012244013836
1535385100339904.0,-0.005164012244013836
1535385100350522.0,-0.005164012244013836
1535385100359884.0,-0.005164012244013836
1535385100370171.0,-0.005164012244013836
1535385100380696.0,-0.005164012244013836
1535385100390265.0,-0.005164012244013836
1535385100399870.0,-0.005164012244013836
1535385100410764.0,-0.005164012244013836
1535385100420501.0,-0.005164012244013836
1535385100429838.0,-0.003418682992021094
1535385100440397.0,-0.005164012244013836
1535385100449727.0,-0.003418682992021094
1535385100460315.0,-0.003418682992021094
1535385100469899.0,-0.003418682992021094
1535385100490673.0,-0.0016733537400283518
1535385100500402.0,-0.0016733537400283518
1535385100509744.0,-0.0016733537400283518
1535385100520221.0,-0.0016733537400283518
1535385100530636.0,-0.0016733537400283518
1535385100540198.0,-0.0016733537400283518
1535385100549774.0,-0.0016733537400283518
1535385100559863.0,-0.0016733537400283518
1535385100569713.0,-0.0016733537400283518
1535385100580160.0,-0.0016733537400283518
1535385100590649.0,-0.0016733537400283518
1535385100600068.0,-0.0016733537400283518
1535385100610685.0,-0.0016733537400283518
1535385100620291.0,-0.0016733537400283518
1535385100630653.0,-0.0016733537400283518
1535385100640495.0,-0.0016733537400283518
1535385100650125.0,-0.0016733537400283518
1535385100660473.0,7.197551197232754e-05
1535385100669855.0,-0.0016733537400283518
1535385100680425.0,-0.0016733537400283518
1535385100689985.0,7.197551197232754e-05
1535385100699857.0,7.197551197232754e-05
1535385100710653.0,7.197551197232754e-05
1535385100720471.0,0.0018173047639650688
1535385100729831.0,7.197551197232754e-05
1535385100750144.0,7.197551197232754e-05
1535385100759657.0,0.0018173047639650688
1535385100770737.0,0.0018173047639650688
1535385100779840.0,0.0018173047639650688
1535385100790442.0,7.197551197232754e-05
1535385100799861.0,0.0018173047639650688
1535385100810172.0,0.0018173047639650688
1535385100820656.0,0.0018173047639650688
1535385100830248.0,7.197551197232754e-05
1535385100839962.0,7.197551197232754e-05
1535385100850572.0,7.197551197232754e-05
1535385100860326.0,7.197551197232754e-05
1535385100869684.0,0.0018173047639650688
1535385100880184.0,0.0018173047639650688
1535385100889641.0,7.197551197232754e-05
1535385100900244.0,0.0018173047639650688
1535385100909830.0,0.0018173047639650688
1535385100919820.0,0.0018173047639650688
1535385100940667.0,0.0018173047639650688
1535385100949891.0,0.0035626340159578117
1535385100960272.0,0.0035626340159578117
1535385100969741.0,0.0035626340159578117
1535385100980349.0,0.0035626340159578117
1535385100990388.0,0.005307963267950553
1535385100999852.0,0.005307963267950553
1535385101010367.0,0.005307963267950553
1535385101019840.0,0.007053292519943296
1535385101030290.0,0.007053292519943296
1535385101039694.0,0.008798621771943974
1535385101050261.0,0.010543951023936717
1535385101059848.0,0.01228928027592946
1535385101070546.0,0.014034609527922202
1535385101080373.0,0.015779938779914945
1535385101089982.0,0.017525268031915623
1535385101100324.0,0.019270597283908366
1535385101109679.0,0.021015926535901105
1535385101120289.0,0.02276125578789385
1535385101129942.0,0.02450658503988659
1535385101139886.0,0.026251914291887272
1535385101150510.0,0.027997243543880015
1535385101159661.0,0.02974257279587275
1535385101170165.0,0.03323323129985824
1535385101182787.0,0.03497856055185892
1535385101190388.0,0.03672388980385166
1535385101200482.0,0.038469219055844404
1535385101210055.0,0.04195987755982989
1535385101219814.0,0.043705206811830564
1535385101230440.0,0.04719586531581605
1535385101239889.0,0.04894119456780879
1535385101250284.0,0.050686523819801536
1535385101260467.0,0.05417718232379496
1535385101270037.0,0.057667840827780446
1535385101279695.0,0.05941317007977318
1535385101290457.0,0.06290382858376661
1535385101299849.0,0.06639448708775209
1535385101309627.0,0.0698851455917455
1535385101320026.0,0.073375804095731
1535385101329526.0,0.07686646259971647
1535385101340237.0,0.0803571211037099
1535385101349659.0,0.08559310885968813
1535385101360227.0,0.09082909661567429
1535385101370452.0,0.09606508437166045
1535385101380470.0,0.10130107212763867
1535385101389976.0,0.10653705988362483
1535385101400294.0,0.11177304763960308
1535385101409771.0,0.11351837689160374
1535385101420395.0,0.11700903539558924
1535385101430138.0,0.12049969389957471
1535385101440874.0,0.12399035240356815
1535385101450399.0,0.1257356816555609
1535385101460730.0,0.12748101090755362
1535385101470271.0,0.12922634015954637
1535385101480519.0,0.12922634015954637
1535385101490931.0,0.12922634015954637
1535385101499833.0,0.12922634015954637
1535385101509591.0,0.13097166941154706
1535385101520704.0,0.13097166941154706
1535385101530218.0,0.12922634015954637
1535385101540516.0,0.13097166941154706
1535385101549863.0,0.13097166941154706
1535385101560551.0,0.13097166941154706
1535385101570099.0,0.13097166941154706
1535385101580173.0,0.12922634015954637
1535385101590610.0,0.13097166941154706
1535385101600758.0,0.12922634015954637
1535385101610108.0,0.13097166941154706
1535385101620505.0,0.13097166941154706
1535385101629994.0,0.12922634015954637
1535385101640593.0,0.13097166941154706
1535385101650619.0,0.12922634015954637
1535385101660069.0,0.12922634015954637
1535385101680028.0,0.13097166941154706
1535385101690527.0,0.12922634015954637
1535385101699892.0,0.13097166941154706
1535385101710532.0,0.12922634015954637
1535385101720200.0,0.13097166941154706
1535385101729857.0,0.13097166941154706
1535385101740143.0,0.12922634015954637
1535385101750357.0,0.12922634015954637
1535385101760708.0,0.12922634015954637
1535385101770156.0,0.13097166941154706
1535385101780796.0,0.13097166941154706
1535385101790361.0,0.13097166941154706
1535385101800150.0,0.12922634015954637
1535385101810938.0,0.12922634015954637
1535385101820527.0,0.12922634015954637
1535385101829926.0,0.12922634015954637
1535385101840300.0,0.12748101090755362
1535385101850638.0,0.1257356816555609
1535385101860248.0,0.1257356816555609
1535385101869839.0,0.12399035240356815
1535385101880202.0,0.12399035240356815
1535385101890657.0,0.1222450231515754
1535385101900044.0,0.12049969389957471
1535385101910489.0,0.12049969389957471
1535385101920762.0,0.12049969389957471
1535385101930504.0,0.12049969389957471
1535385101940085.0,0.12049969389957471
1535385101950819.0,0.12049969389957471
1535385101960378.0,0.12049969389957471
1535385101970936.0,0.12049969389957471
1535385101980378.0,0.12049969389957471
1535385101990755.0,0.12049969389957471
1535385102000577.0,0.12049969389957471
1535385102010945.0,0.12049969389957471
1535385102020578.0,0.12049969389957471
1535385102030839.0,0.12049969389957471
1535385102040296.0,0.12049969389957471
1535385102050626.0,0.12049969389957471
1535385102059982.0,0.12049969389957471
1535385102071808.0,0.12049969389957471
1535385102080148.0,0.12049969389957471
1535385102090684.0,0.12049969389957471
1535385102100426.0,0.12049969389957471
1535385102112701.0,0.12049969389957471
1535385102120345.0,0.12049969389957471
1535385102130668.0,0.12049969389957471
1535385102141013.0,0.12049969389957471
1535385102150483.0,0.12049969389957471
1535385102160080.0,0.12049969389957471
1535385102170953.0,0.12049969389957471
1535385102180611.0,0.12049969389957471
1535385102190935.0,0.12049969389957471
1535385102200250.0,0.12049969389957471
1535385102210727.0,0.12049969389957471
1535385102220298.0,0.12049969389957471
1535385102230986.0,0.12049969389957471
1535385102240726.0,0.11875436464758199
1535385102251126.0,0.11875436464758199
1535385102260580.0,0.11875436464758199
1535385102270105.0,0.12049969389957471
1535385102280418.0,0.11875436464758199
1535385102290699.0,0.12049969389957471
1535385102300231.0,0.12049969389957471
1535385102310834.0,0.12049969389957471
1535385102320545.0,0.12049969389957471
1535385102330146.0,0.12049969389957471
1535385102340718.0,0.11875436464758199
1535385102350934.0,0.11875436464758199
1535385102360295.0,0.11875436464758199
1535385102370934.0,0.12049969389957471
1535385102380545.0,0.12049969389957471
1535385102390157.0,0.12049969389957471
1535385102400648.0,0.12049969389957471
1535385102410170.0,0.12049969389957471
1535385102420577.0,0.12049969389957471
1535385102430933.0,0.12049969389957471
1535385102440612.0,0.12049969389957471
1535385102450149.0,0.12049969389957471
1535385102460825.0,0.12049969389957471
1535385102471393.0,0.12049969389957471
1535385102482889.0,0.12049969389957471
1535385102490780.0,0.12049969389957471
1535385102501155.0,0.12049969389957471
1535385102510642.0,0.12049969389957471
1535385102521123.0,0.12049969389957471
1535385102530790.0,0.12049969389957471
1535385102540146.0,0.12049969389957471
1535385102550187.0,0.12049969389957471
1535385102560771.0,0.12049969389957471
1535385102580347.0,0.11875436464758199
1535385102590837.0,0.11875436464758199
1535385102600408.0,0.12049969389957471
1535385102610991.0,0.11875436464758199
1535385102621525.0,0.11700903539558924
1535385102631082.0,0.11700903539558924
1535385102640601.0,0.11526370614359649
1535385102650715.0,0.11351837689160374
1535385102660350.0,0.11351837689160374
1535385102670958.0,0.11177304763960308
1535385102680601.0,0.10828238913561758
1535385102700672.0,0.10479173063163211
1535385102710888.0,0.10479173063163211
1535385102720307.0,0.10479173063163211
1535385102730871.0,0.10479173063163211
1535385102740363.0,0.10479173063163211
1535385102750953.0,0.10479173063163211
1535385102760351.0,0.10479173063163211
1535385102770155.0,0.10479173063163211
1535385102780617.0,0.10479173063163211
1535385102790872.0,0.10479173063163211
1535385102800274.0,0.10479173063163211
1535385102810189.0,0.10304640137963142
1535385102820725.0,0.10304640137963142
1535385102830660.0,0.10130107212763867
1535385102840624.0,0.10130107212763867
1535385102850956.0,0.10130107212763867
1535385102860305.0,0.10130107212763867
1535385102870096.0,0.09955574287564595
1535385102880559.0,0.09955574287564595
1535385102890354.0,0.09955574287564595
1535385102900906.0,0.09955574287564595
1535385102910177.0,0.0978104136236532
1535385102920614.0,0.0978104136236532
1535385102930180.0,0.0978104136236532
1535385102940476.0,0.0978104136236532
1535385102950789.0,0.09606508437166045
1535385102960329.0,0.09606508437166045
1535385102970875.0,0.09431975511965979
1535385102980383.0,0.09257442586766704
1535385102990435.0,0.09082909661567429
1535385103000785.0,0.08733843811168882
1535385103010242.0,0.08559310885968813
1535385103020452.0,0.08384777960769538
1535385103030999.0,0.08384777960769538
1535385103040675.0,0.08384777960769538
1535385103050185.0,0.08384777960769538
1535385103060139.0,0.0803571211037099
1535385103070585.0,0.0803571211037099
1535385103080883.0,0.07686646259971647
1535385103090387.0,0.07686646259971647
1535385103100879.0,0.07686646259971647
1535385103110596.0,0.07861179185171716
1535385103120502.0,0.07686646259971647
1535385103130151.0,0.07861179185171716
1535385103140673.0,0.07686646259971647
1535385103150042.0,0.07686646259971647
1535385103160314.0,0.07686646259971647
1535385103170834.0,0.07686646259971647
1535385103180457.0,0.07686646259971647
1535385103190000.0,0.07686646259971647
1535385103200758.0,0.07861179185171716
1535385103210469.0,0.07861179185171716
1535385103220803.0,0.07686646259971647
1535385103230387.0,0.07686646259971647
1535385103240871.0,0.07861179185171716
1535385103250393.0,0.07686646259971647
1535385103259949.0,0.07686646259971647
1535385103270228.0,0.07861179185171716
1535385103280177.0,0.07686646259971647
1535385103290605.0,0.07686646259971647
1535385103299911.0,0.07686646259971647
1535385103310472.0,0.07512113334772375
1535385103319949.0,0.07512113334772375
1535385103340121.0,0.07512113334772375
1535385103350013.0,0.073375804095731
1535385103360506.0,0.07163047484373825
1535385103370062.0,0.0698851455917455
1535385103380312.0,0.06639448708775209
1535385103390727.0,0.06464915783575934
1535385103400245.0,0.061158499331773856
1535385103409898.0,0.055922511575787696
1535385103420484.0,0.05243185307180221
1535385103430552.0,0.04894119456780879
1535385103440874.0,0.043705206811830564
1535385103450172.0,0.038469219055844404
1535385103460502.0,0.03497856055185892
1535385103470101.0,0.02974257279587275
1535385103480736.0,0.027997243543880015
1535385103490383.0,0.026251914291887272
1535385103500674.0,0.02276125578789385
1535385103510220.0,0.02276125578789385
1535385103520485.0,0.02276125578789385
1535385103530016.0,0.02276125578789385
1535385103540607.0,0.02276125578789385
1535385103550185.0,0.02276125578789385
1535385103560902.0,0.02450658503988659
1535385103570170.0,0.02450658503988659
1535385103580596.0,0.02450658503988659
1535385103589889.0,0.026251914291887272
1535385103600167.0,0.026251914291887272
1535385103609955.0,0.027997243543880015
1535385103620532.0,0.027997243543880015
1535385103630164.0,0.02974257279587275
1535385103640659.0,0.027997243543880015
1535385103650386.0,0.02974257279587275
1535385103660700.0,0.02974257279587275
1535385103670167.0,0.02974257279587275
1535385103680474.0,0.02974257279587275
1535385103690391.0,0.02974257279587275
1535385103699979.0,0.027997243543880015
1535385103720368.0,0.027997243543880015
1535385103729968.0,0.027997243543880015
1535385103740256.0,0.026251914291887272
1535385103750578.0,0.02276125578789385
1535385103760035.0,0.019270597283908366
1535385103770640.0,0.015779938779914945
1535385103780157.0,0.01228928027592946
1535385103789736.0,0.007053292519943296
1535385103800648.0,0.0018173047639650688
1535385103810027.0,-0.005164012244013836
1535385103820402.0,-0.012145329251992742
1535385103830618.0,-0.019126646259971646
1535385103840145.0,-0.027853292519943295
1535385103849982.0,-0.03832526803190768
1535385103860599.0,-0.048797243543872076
1535385103870436.0,-0.059269219055836465
1535385103879810.0,-0.07148652381980153
1535385103890613.0,-0.08195849933176591
1535385103899918.0,-0.08893981633974482
1535385103910480.0,-0.09941179185170923
1535385103920076.0,-0.10639310885968811
1535385103930175.0,-0.11337442586765908
1535385103940647.0,-0.120355742875638
1535385103950353.0,-0.12559173063162415
1535385103959619.0,-0.12908238913560965
1535385103969929.0,-0.13082771838760238
1535385103980307.0,-0.13257304763960306
1535385103989916.0,-0.13257304763960306
1535385104000465.0,-0.13257304763960306
1535385104010613.0,-0.13257304763960306
1535385104020461.0,-0.13257304763960306
1535385104029783.0,-0.13257304763960306
1535385104040043.0,-0.13082771838760238
1535385104050457.0,-0.12908238913560965
1535385104060014.0,-0.12908238913560965
1535385104070650.0,-0.12559173063162415
1535385104080000.0,-0.12384640137963143
1535385104090485.0,-0.120355742875638
1535385104099784.0,-0.11861041362364524
1535385104110343.0,-0.11337442586765908
1535385104119688.0,-0.10988376736367361
1535385104130283.0,-0.10639310885968811
1535385104139807.0,-0.1029024503556947
1535385104150410.0,-0.09941179185170923
1535385104160522.0,-0.09766646259971648
1535385104170223.0,-0.09417580409572304
1535385104180462.0,-0.09243047484373032
1535385104189827.0,-0.09243047484373032
1535385104200596.0,-0.09243047484373032
1535385104209856.0,-0.09068514559173757
1535385104220410.0,-0.09243047484373032
1535385104230201.0,-0.09068514559173757
1535385104239508.0,-0.09068514559173757
1535385104249887.0,-0.09068514559173757
1535385104260190.0,-0.09068514559173757
1535385104269751.0,-0.09068514559173757
1535385104280219.0,-0.09068514559173757
1535385104290298.0,-0.09243047484373032
1535385104300460.0,-0.09243047484373032
1535385104310595.0,-0.09243047484373032
1535385104319998.0,-0.09243047484373032
1535385104332655.0,-0.09243047484373032
1535385104339712.0,-0.09417580409572304
1535385104350373.0,-0.09417580409572304
1535385104359891.0,-0.09417580409572304
1535385104370214.0,-0.09243047484373032
1535385104379502.0,-0.09417580409572304
1535385104390327.0,-0.09417580409572304
1535385104399702.0,-0.09417580409572304
1535385104409976.0,-0.09592113334771579
1535385104419542.0,-0.09592113334771579
1535385104430218.0,-0.09766646259971648
1535385104439657.0,-0.09941179185170923
1535385104450224.0,-0.09941179185170923
1535385104459600.0,-0.10115712110370195
1535385104470068.0,-0.10115712110370195
1535385104480416.0,-0.1029024503556947
1535385104489995.0,-0.10464777960768745
1535385104499541.0,-0.10464777960768745
1535385104510258.0,-0.10639310885968811
1535385104520048.0,-0.10639310885968811
1535385104529629.0,-0.10813843811168086
1535385104540539.0,-0.10988376736367361
1535385104550392.0,-0.10988376736367361
1535385104559770.0,-0.10988376736367361
1535385104570349.0,-0.11162909661566636
1535385104579919.0,-0.11162909661566636
1535385104590199.0,-0.11162909661566636
1535385104600390.0,-0.11337442586765908
1535385104610027.0,-0.11337442586765908
1535385104619436.0,-0.11511975511965977
1535385104629812.0,-0.11686508437165252
1535385104640356.0,-0.11861041362364524
1535385104649923.0,-0.120355742875638
1535385104659492.0,-0.12384640137963143
1535385104670242.0,-0.12559173063162415
1535385104690079.0,-0.13257304763960306
1535385104699468.0,-0.13606370614358854
1535385104709842.0,-0.13955436464757404
1535385104720364.0,-0.1447903524035602
1535385104729989.0,-0.15002634015954636
1535385104740569.0,-0.15700765716751733
1535385104749714.0,-0.1622436449235035
1535385104760079.0,-0.16747963267948965
1535385104770450.0,-0.17446094968746062
1535385104779859.0,-0.18318759594743228
1535385104790421.0,-0.19016891295541116
1535385104800041.0,-0.19715022996339007
1535385104810210.0,-0.20064088846737557
1535385104819984.0,-0.20587687622336173
1535385104830213.0,-0.2093675347273472
1535385104839457.0,-0.21285819323134064
1535385104849817.0,-0.21460352248333336
1535385104859324.0,-0.21460352248333336
1535385104869952.0,-0.21460352248333336
1535385104879492.0,-0.21460352248333336
1535385104890191.0,-0.21285819323134064
1535385104899732.0,-0.2093675347273472
1535385104910217.0,-0.20587687622336173
1535385104919496.0,-0.20413154697136898
1535385104930072.0,-0.20064088846737557
1535385104939568.0,-0.19540490071139735
1535385104960309.0,-0.18842358370341844
1535385104969827.0,-0.18493292519943294
1535385104980186.0,-0.17969693744344678
1535385104989452.0,-0.1762062789394613
1535385105000001.0,-0.17097029118347515
1535385105009598.0,-0.16747963267948965
1535385105020192.0,-0.1622436449235035
1535385105030359.0,-0.15875298641951802
1535385105040266.0,-0.15351699866353183
1535385105049746.0,-0.1517716694115391
1535385105060197.0,-0.14828101090754567
1535385105069718.0,-0.14304502315156745
1535385105079943.0,-0.1412996938995747
1535385105089477.0,-0.1378090353955813
1535385105100062.0,-0.13606370614358854
1535385105110211.0,-0.13606370614358854
1535385105119821.0,-0.13431837689159581
1535385105130429.0,-0.13082771838760238
1535385105139708.0,-0.13082771838760238
1535385105150445.0,-0.13082771838760238
1535385105159944.0,-0.13082771838760238
1535385105169612.0,-0.13082771838760238
1535385105179367.0,-0.13082771838760238
1535385105190006.0,-0.13082771838760238
1535385105200234.0,-0.13082771838760238
1535385105219374.0,-0.12908238913560965
1535385105230052.0,-0.12908238913560965
1535385105239619.0,-0.12908238913560965
1535385105250248.0,-0.1273370598836169
1535385105260215.0,-0.1273370598836169
1535385105269636.0,-0.1273370598836169
1535385105279946.0,-0.1273370598836169
1535385105290422.0,-0.12559173063162415
1535385105299815.0,-0.12384640137963143
1535385105309348.0,-0.12384640137963143
1535385105319996.0,-0.120355742875638
1535385105329519.0,-0.11861041362364524
1535385105339943.0,-0.11686508437165252
1535385105350321.0,-0.11511975511965977
1535385105359575.0,-0.11337442586765908
1535385105370257.0,-0.11162909661566636
1535385105379605.0,-0.10988376736367361
1535385105389526.0,-0.10813843811168086
1535385105400199.0,-0.10639310885968811
1535385105409942.0,-0.10464777960768745
1535385105419267.0,-0.10464777960768745
1535385105429838.0,-0.10464777960768745
1535385105439738.0,-0.1029024503556947
1535385105449993.0,-0.1029024503556947
1535385105470189.0,-0.1029024503556947
1535385105480208.0,-0.1029024503556947
1535385105489899.0,-0.1029024503556947
1535385105499296.0,-0.1029024503556947
1535385105509578.0,-0.1029024503556947
1535385105520112.0,-0.10115712110370195
1535385105531723.0,-0.10115712110370195
1535385105539321.0,-0.10115712110370195
1535385105550139.0,-0.10115712110370195
1535385105560009.0,-0.09941179185170923
1535385105569533.0,-0.09941179185170923
1535385105579855.0,-0.09941179185170923
1535385105590116.0,-0.09941179185170923
1535385105599707.0,-0.09766646259971648
1535385105609746.0,-0.09592113334771579
1535385105619739.0,-0.09592113334771579
1535385105630100.0,-0.09417580409572304
1535385105639453.0,-0.09417580409572304
1535385105649785.0,-0.09417580409572304
1535385105660086.0,-0.09243047484373032
1535385105669758.0,-0.09243047484373032
1535385105690088.0,-0.09068514559173757
1535385105700096.0,-0.09068514559173757
1535385105709733.0,-0.09068514559173757
1535385105719238.0,-0.08893981633974482
1535385105730970.0,-0.08719448708774416
1535385105740056.0,-0.08719448708774416
1535385105749543.0,-0.08544915783575141
1535385105759110.0,-0.08370382858375866
1535385105770066.0,-0.08195849933176591
1535385105780058.0,-0.0784678408277725
1535385105789384.0,-0.07497718232378703
1535385105799696.0,-0.07148652381980153
1535385105809233.0,-0.06625053606381537
1535385105819829.0,-0.06101454830782921
1535385105829496.0,-0.05577856055185098
1535385105840012.0,-0.05228790204785756
1535385105849087.0,-0.04530658503988659
1535385105859468.0,-0.04007059728390043
1535385105869996.0,-0.036579938779914944
1535385105879295.0,-0.03308928027592152
1535385105889981.0,-0.029598621771936038
1535385105899542.0,-0.027853292519943295
1535385105909996.0,-0.026107963267942617
1535385105920941.0,-0.024362634015949874
1535385105929793.0,-0.02261730476395713
1535385105939040.0,-0.02261730476395713
1535385105949373.0,-0.02261730476395713
1535385105959738.0,-0.02261730476395713
1535385105969272.0,-0.024362634015949874
1535385105979906.0,-0.02261730476395713
1535385105989995.0,-0.02261730476395713
1535385105999153.0,-0.02261730476395713
1535385106009470.0,-0.02261730476395713
1535385106019832.0,-0.02261730476395713
1535385106029385.0,-0.02261730476395713
1535385106039968.0,-0.02261730476395713
1535385106049566.0,-0.02261730476395713
1535385106059978.0,-0.02261730476395713
1535385106069107.0,-0.02261730476395713
1535385106079487.0,-0.02261730476395713
1535385106089756.0,-0.02261730476395713
1535385106099119.0,-0.02261730476395713
1535385106109821.0,-0.02261730476395713
1535385106119377.0,-0.02261730476395713
1535385106130561.0,-0.02261730476395713
1535385106139943.0,-0.024362634015949874
1535385106149340.0,-0.02261730476395713
1535385106159699.0,-0.024362634015949874
1535385106169223.0,-0.02261730476395713
1535385106179797.0,-0.02261730476395713
1535385106189244.0,-0.02261730476395713
1535385106199850.0,-0.024362634015949874
1535385106209910.0,-0.02261730476395713
1535385106219430.0,-0.02261730476395713
1535385106229803.0,-0.02261730476395713
1535385106239095.0,-0.02261730476395713
1535385106249620.0,-0.02261730476395713
1535385106259121.0,-0.02261730476395713
1535385106269812.0,-0.02261730476395713
1535385106279564.0,-0.02261730476395713
1535385106289224.0,-0.02261730476395713
1535385106299624.0,-0.02087197551196439
1535385106309219.0,-0.02087197551196439
1535385106319560.0,-0.019126646259971646
1535385106329146.0,-0.02087197551196439
1535385106339738.0,-0.02087197551196439
1535385106349862.0,-0.02087197551196439
1535385106359866.0,-0.019126646259971646
1535385106369704.0,-0.019126646259971646
1535385106380073.0,-0.019126646259971646
1535385106389274.0,-0.019126646259971646
1535385106399824.0,-0.019126646259971646
1535385106409573.0,-0.019126646259971646
1535385106419259.0,-0.019126646259971646
1535385106429513.0,-0.019126646259971646
1535385106438949.0,-0.019126646259971646
1535385106459844.0,-0.019126646259971646
1535385106471246.0,-0.019126646259971646
1535385106479098.0,-0.019126646259971646
1535385106489718.0,-0.019126646259971646
1535385106499828.0,-0.019126646259971646
1535385106509271.0,-0.019126646259971646
1535385106519689.0,-0.019126646259971646
1535385106531097.0,-0.019126646259971646
1535385106539707.0,-0.019126646259971646
1535385106549296.0,-0.019126646259971646
1535385106558835.0,-0.019126646259971646
1535385106570276.0,-0.019126646259971646
1535385106579023.0,-0.019126646259971646
1535385106589450.0,-0.019126646259971646
1535385106598891.0,-0.019126646259971646
1535385106609242.0,-0.019126646259971646
1535385106619909.0,-0.019126646259971646
1535385106629482.0,-0.019126646259971646
1535385106639776.0,-0.019126646259971646
1535385106649783.0,-0.019126646259971646
1535385106659505.0,-0.019126646259971646
1535385106668849.0,-0.019126646259971646
1535385106679301.0,-0.019126646259971646
1535385106689759.0,-0.019126646259971646
1535385106700312.0,-0.019126646259971646
1535385106708881.0,-0.019126646259971646
1535385106719544.0,-0.019126646259971646
1535385106729140.0,-0.019126646259971646
1535385106739509.0,-0.019126646259971646
1535385106748845.0,-0.019126646259971646
1535385106759251.0,-0.019126646259971646
1535385106768777.0,-0.019126646259971646
1535385106779411.0,-0.019126646259971646
1535385106789753.0,-0.019126646259971646
1535385106799739.0,-0.019126646259971646
1535385106809577.0,-0.019126646259971646
1535385106818976.0,-0.019126646259971646
1535385106829274.0,-0.019126646259971646
1535385106838735.0,-0.019126646259971646
1535385106849647.0,-0.019126646259971646
1535385106859136.0,-0.017381317007970968
1535385106869730.0,-0.019126646259971646
1535385106879642.0,-0.017381317007970968
1535385106889231.0,-0.019126646259971646
1535385106899505.0,-0.017381317007970968
1535385106909004.0,-0.017381317007970968
1535385106919542.0,-0.017381317007970968
1535385106929156.0,-0.015635987755978225
1535385106939704.0,-0.015635987755978225
1535385106949246.0,-0.015635987755978225
1535385106959671.0,-0.015635987755978225
1535385106968844.0,-0.015635987755978225
1535385106979081.0,-0.015635987755978225
1535385106988724.0,-0.015635987755978225
1535385106999324.0,-0.015635987755978225
1535385107009675.0,-0.015635987755978225
1535385107019700.0,-0.015635987755978225
1535385107029686.0,-0.015635987755978225
1535385107039045.0,-0.015635987755978225
1535385107048815.0,-0.015635987755978225
1535385107059307.0,-0.015635987755978225
1535385107068867.0,-0.015635987755978225
1535385107079461.0,-0.015635987755978225
1535385107089662.0,-0.015635987755978225
1535385107098714.0,-0.015635987755978225
1535385107109131.0,-0.015635987755978225
1535385107119428.0,-0.015635987755978225
1535385107130656.0,-0.015635987755978225
1535385107139480.0,-0.015635987755978225
1535385107149279.0,-0.013890658503985484
1535385107159602.0,-0.015635987755978225
1535385107169245.0,-0.015635987755978225
1535385107178621.0,-0.015635987755978225
1535385107189252.0,-0.015635987755978225
1535385107200144.0,-0.015635987755978225
1535385107209034.0,-0.015635987755978225
1535385107219609.0,-0.015635987755978225
1535385107229631.0,-0.015635987755978225
1535385107239584.0,-0.015635987755978225
1535385107248896.0,-0.015635987755978225
1535385107259297.0,-0.015635987755978225
1535385107268612.0,-0.015635987755978225
1535385107279140.0,-0.015635987755978225
1535385107288768.0,-0.015635987755978225
1535385107299412.0,-0.015635987755978225
1535385107309590.0,-0.013890658503985484
1535385107318727.0,-0.015635987755978225
1535385107329252.0,-0.015635987755978225
1535385107339488.0,-0.015635987755978225
1535385107349038.0,-0.015635987755978225
1535385107359546.0,-0.015635987755978225
1535385107369259.0,-0.015635987755978225
1535385107379543.0,-0.015635987755978225
1535385107389040.0,-0.015635987755978225
1535385107399411.0,-0.015635987755978225
1535385107408932.0,-0.015635987755978225
1535385107419276.0,-0.015635987755978225
1535385107428742.0,-0.015635987755978225
1535385107439311.0,-0.015635987755978225
1535385107449516.0,-0.015635987755978225
1535385107459518.0,-0.015635987755978225
1535385107469117.0,-0.015635987755978225
1535385107479481.0,-0.015635987755978225
1535385107488784.0,-0.015635987755978225
1535385107499274.0,-0.015635987755978225
1535385107508826.0,-0.015635987755978225
1535385107519420.0,-0.015635987755978225
1535385107529493.0,-0.015635987755978225
1535385107539093.0,-0.015635987755978225
1535385107549519.0,-0.015635987755978225
1535385107558898.0,-0.015635987755978225
1535385107569396.0,-0.015635987755978225
1535385107578890.0,-0.015635987755978225
1535385107589484.0,-0.015635987755978225
1535385107599572.0,-0.015635987755978225
1535385107608868.0,-0.015635987755978225
1535385107619333.0,-0.015635987755978225
1535385107628844.0,-0.015635987755978225
1535385107639241.0,-0.015635987755978225
1535385107648732.0,-0.015635987755978225
1535385107659360.0,-0.015635987755978225
1535385107669446.0,-0.015635987755978225
1535385107679463.0,-0.013890658503985484
1535385107688876.0,-0.013890658503985484
1535385107708665.0,-0.013890658503985484
1535385107719063.0,-0.013890658503985484
1535385107728607.0,-0.013890658503985484
1535385107739262.0,-0.013890658503985484
1535385107749493.0,-0.013890658503985484
1535385107758865.0,-0.013890658503985484
1535385107768505.0,-0.015635987755978225
1535385107778819.0,-0.013890658503985484
1535385107789402.0,-0.015635987755978225
1535385107798968.0,-0.013890658503985484
1535385107808524.0,-0.013890658503985484
1535385107819615.0,-0.013890658503985484
1535385107829255.0,-0.013890658503985484
1535385107838596.0,-0.013890658503985484
1535385107848993.0,-0.013890658503985484
1535385107859244.0,-0.013890658503985484
1535385107868725.0,-0.013890658503985484
1535385107879307.0,-0.013890658503985484
1535385107889398.0,-0.013890658503985484
1535385107899519.0,-0.013890658503985484
1535385107917630.0,-0.013890658503985484
1535385107919314.0,-0.013890658503985484
1535385107928618.0,-0.012145329251992742
1535385107939116.0,-0.013890658503985484
1535385107948644.0,-0.013890658503985484
1535385107959300.0,-0.013890658503985484
1535385107969373.0,-0.013890658503985484
1535385107978933.0,-0.013890658503985484
1535385107989362.0,-0.012145329251992742
1535385107998685.0,-0.013890658503985484
1535385108009154.0,-0.013890658503985484
1535385108018705.0,-0.013890658503985484
1535385108029316.0,-0.013890658503985484
1535385108039377.0,-0.012145329251992742
1535385108048779.0,-0.012145329251992742
1535385108059148.0,-0.013890658503985484
1535385108068531.0,-0.012145329251992742
1535385108088685.0,-0.012145329251992742
1535385108099323.0,-0.012145329251992742
1535385108109320.0,-0.012145329251992742
1535385108119357.0,-0.012145329251992742
1535385108129258.0,-0.012145329251992742
1535385108138572.0,-0.012145329251992742
1535385108148953.0,-0.012145329251992742
1535385108158396.0,-0.012145329251992742
1535385108169023.0,-0.012145329251992742
1535385108178546.0,-0.012145329251992742
1535385108189321.0,-0.012145329251992742
1535385108199160.0,-0.0104
1535385108208533.0,-0.0104
1535385108218905.0,-0.012145329251992742
1535385108228403.0,-0.0104
1535385108238900.0,-0.012145329251992742
1535385108248736.0,-0.0104
1535385108258316.0,-0.0104
1535385108269117.0,-0.0104
1535385108278432.0,-0.0104
1535385108288803.0,-0.0104
1535385108298398.0,-0.0104
1535385108308909.0,-0.00865467074799932
1535385108318504.0,-0.00865467074799932
1535385108329298.0,-0.0104
1535385108338354.0,-0.0104
1535385108349263.0,-0.00865467074799932
1535385108358528.0,-0.00865467074799932
1535385108368933.0,-0.00865467074799932
1535385108378410.0,-0.00865467074799932
1535385108389039.0,-0.00865467074799932
1535385108398582.0,-0.00865467074799932
1535385108409256.0,-0.00865467074799932
1535385108419090.0,-0.006909341496006579
1535385108428490.0,-0.006909341496006579
1535385108438946.0,-0.006909341496006579
1535385108448272.0,-0.006909341496006579
1535385108458860.0,-0.006909341496006579
1535385108468908.0,-0.005164012244013836
1535385108478303.0,-0.005164012244013836
1535385108488658.0,-0.003418682992021094
1535385108499070.0,-0.003418682992021094
1535385108508461.0,-0.0016733537400283518
1535385108518802.0,-0.0016733537400283518
1535385108528628.0,7.197551197232754e-05
1535385108539004.0,7.197551197232754e-05
1535385108549260.0,0.0018173047639650688
1535385108558308.0,0.0018173047639650688
1535385108568381.0,0.0035626340159578117
1535385108578815.0,0.0035626340159578117
1535385108588302.0,0.0035626340159578117
1535385108598881.0,0.0035626340159578117
1535385108608330.0,0.0035626340159578117
1535385108618930.0,0.0035626340159578117
1535385108629271.0,0.0035626340159578117
1535385108639159.0,0.0035626340159578117
1535385108648742.0,0.0035626340159578117
1535385108659088.0,0.0035626340159578117
1535385108668614.0,0.005307963267950553
1535385108679131.0,0.0035626340159578117
1535385108688720.0,0.0035626340159578117
1535385108698322.0,0.0035626340159578117
1535385108708997.0,0.005307963267950553
1535385108718425.0,0.005307963267950553
1535385108728782.0,0.005307963267950553
1535385108739120.0,0.007053292519943296
1535385108748915.0,0.007053292519943296
1535385108758441.0,0.010543951023936717
1535385108769128.0,0.01228928027592946
1535385108778326.0,0.014034609527922202
1535385108788371.0,0.014034609527922202
1535385108798759.0,0.015779938779914945
1535385108809090.0,0.017525268031915623
1535385108818578.0,0.019270597283908366
1535385108829126.0,0.019270597283908366
1535385108838735.0,0.019270597283908366
1535385108849107.0,0.019270597283908366
1535385108858299.0,0.019270597283908366
1535385108868615.0,0.019270597283908366
1535385108878936.0,0.019270597283908366
1535385108888329.0,0.019270597283908366
1535385108898879.0,0.019270597283908366
1535385108908496.0,0.019270597283908366
1535385108918301.0,0.019270597283908366
1535385108930445.0,0.019270597283908366
1535385108938434.0,0.019270597283908366
1535385108949020.0,0.019270597283908366
1535385108958301.0,0.019270597283908366
1535385108969076.0,0.019270597283908366
1535385108978640.0,0.019270597283908366
1535385108988475.0,0.02276125578789385
1535385108998236.0,0.02276125578789385
1535385109008271.0,0.02276125578789385
1535385109018636.0,0.02276125578789385
1535385109028089.0,0.02276125578789385
1535385109038632.0,0.02276125578789385
1535385109048167.0,0.02450658503988659
1535385109058751.0,0.02450658503988659
1535385109069049.0,0.02450658503988659
1535385109078143.0,0.02450658503988659
1535385109088481.0,0.02450658503988659
1535385109098778.0,0.02276125578789385
1535385109109035.0,0.02450658503988659
1535385109118575.0,0.02450658503988659
1535385109128385.0,0.02450658503988659
1535385109138282.0,0.02450658503988659
1535385109148120.0,0.02450658503988659
1535385109158491.0,0.02450658503988659
1535385109169032.0,0.02450658503988659
1535385109178276.0,0.02450658503988659
1535385109188663.0,0.02450658503988659
1535385109198234.0,0.02450658503988659
1535385109209001.0,0.02450658503988659
1535385109218242.0,0.02450658503988659
1535385109228346.0,0.02450658503988659
1535385109239889.0,0.02450658503988659
1535385109249000.0,0.02450658503988659
1535385109258381.0,0.02450658503988659
1535385109269306.0,0.02450658503988659
1535385109278508.0,0.02450658503988659
1535385109288984.0,0.02450658503988659
1535385109298157.0,0.02450658503988659
1535385109308448.0,0.02276125578789385
1535385109318928.0,0.02450658503988659
1535385109328583.0,0.02450658503988659
1535385109338066.0,0.02450658503988659
1535385109348658.0,0.02450658503988659
1535385109358306.0,0.02450658503988659
1535385109368273.0,0.02450658503988659
1535385109378551.0,0.026251914291887272
1535385109388021.0,0.02450658503988659
1535385109398323.0,0.02450658503988659
1535385109408657.0,0.02450658503988659
1535385109418332.0,0.02450658503988659
1535385109428927.0,0.02450658503988659
1535385109438198.0,0.026251914291887272
1535385109449343.0,0.02450658503988659
1535385109458412.0,0.02450658503988659
1535385109468691.0,0.02450658503988659
1535385109478074.0,0.02450658503988659
1535385109488548.0,0.02450658503988659
1535385109498132.0,0.02450658503988659
1535385109508826.0,0.02450658503988659
1535385109518121.0,0.02450658503988659
1535385109529496.0,0.02450658503988659
1535385109538686.0,0.02450658503988659
1535385109548162.0,0.02450658503988659
1535385109558727.0,0.02450658503988659
1535385109568282.0,0.026251914291887272
1535385109578007.0,0.02450658503988659
1535385109588115.0,0.026251914291887272
1535385109598482.0,0.02450658503988659
1535385109607698.0,0.02450658503988659
1535385109618098.0,0.02450658503988659
1535385109628607.0,0.02450658503988659
1535385109638153.0,0.02450658503988659
1535385109648631.0,0.02450658503988659
1535385109657892.0,0.02450658503988659
1535385109668206.0,0.02450658503988659
1535385109678516.0,0.02450658503988659
1535385109687739.0,0.02450658503988659
1535385109698314.0,0.02450658503988659
1535385109708469.0,0.02450658503988659
1535385109718435.0,0.026251914291887272
1535385109729395.0,0.02450658503988659
1535385109737823.0,0.02450658503988659
1535385109748275.0,0.02450658503988659
1535385109757572.0,0.02450658503988659
1535385109767897.0,0.02450658503988659
1535385109778415.0,0.02450658503988659
1535385109787986.0,0.02450658503988659
1535385109797701.0,0.026251914291887272
1535385109807918.0,0.02450658503988659
1535385109818258.0,0.026251914291887272
1535385109827714.0,0.02450658503988659
1535385109838238.0,0.026251914291887272
1535385109847807.0,0.02450658503988659
1535385109858302.0,0.02450658503988659
1535385109868283.0,0.02450658503988659
1535385109877581.0,0.026251914291887272
1535385109887967.0,0.026251914291887272
1535385109897309.0,0.026251914291887272
1535385109907505.0,0.026251914291887272
1535385109918037.0,0.026251914291887272
1535385109927530.0,0.026251914291887272
1535385109938161.0,0.026251914291887272
1535385109948218.0,0.026251914291887272
1535385109957453.0,0.026251914291887272
1535385109967715.0,0.026251914291887272
1535385109978062.0,0.026251914291887272
1535385109987508.0,0.026251914291887272
1535385109998046.0,0.026251914291887272
1535385110007611.0,0.026251914291887272
1535385110018022.0,0.026251914291887272
1535385110027690.0,0.026251914291887272
1535385110037071.0,0.026251914291887272
1535385110047368.0,0.027997243543880015
1535385110057657.0,0.027997243543880015
1535385110067179.0,0.027997243543880015
1535385110077783.0,0.02974257279587275
1535385110087933.0,0.027997243543880015
1535385110097558.0,0.02974257279587275
1535385110107483.0,0.02974257279587275
1535385110117849.0,0.02974257279587275
1535385110138078.0,0.02974257279587275
1535385110147718.0,0.031487902047865494
1535385110157602.0,0.031487902047865494
1535385110167832.0,0.031487902047865494
1535385110177622.0,0.031487902047865494
1535385110186908.0,0.031487902047865494
1535385110197283.0,0.031487902047865494
1535385110217044.0,0.031487902047865494
1535385110227652.0,0.031487902047865494
1535385110238626.0,0.031487902047865494
1535385110247517.0,0.031487902047865494
1535385110256839.0,0.031487902047865494
1535385110267362.0,0.031487902047865494
1535385110277629.0,0.031487902047865494
1535385110287124.0,0.031487902047865494
1535385110297682.0,0.031487902047865494
1535385110307617.0,0.031487902047865494
1535385110317609.0,0.031487902047865494
1535385110328468.0,0.031487902047865494
1535385110337567.0,0.031487902047865494
1535385110346848.0,0.03323323129985824
1535385110357299.0,0.03323323129985824
1535385110366794.0,0.03497856055185892
1535385110377430.0,0.03497856055185892
1535385110387492.0,0.03497856055185892
1535385110397175.0,0.03672388980385166
1535385110407430.0,0.038469219055844404
1535385110417011.0,0.04021454830783715
1535385110428154.0,0.04195987755982989
1535385110436696.0,0.04195987755982989
1535385110448104.0,0.043705206811830564
1535385110457420.0,0.04545053606382331
1535385110476665.0,0.04545053606382331
1535385110486452.0,0.04719586531581605
1535385110496755.0,0.04894119456780879
1535385110507260.0,0.04894119456780879
1535385110516847.0,0.04894119456780879
1535385110526371.0,0.04894119456780879
1535385110537347.0,0.04719586531581605
1535385110546970.0,0.04894119456780879
1535385110557308.0,0.04894119456780879
1535385110566658.0,0.04894119456780879
1535385110577138.0,0.04894119456780879
1535385110586638.0,0.04894119456780879
1535385110597248.0,0.04894119456780879
1535385110607373.0,0.04894119456780879
1535385110617341.0,0.04894119456780879
1535385110626720.0,0.04894119456780879
1535385110637077.0,0.04894119456780879
1535385110646531.0,0.04894119456780879
1535385110657105.0,0.04894119456780879
1535385110666643.0,0.04894119456780879
1535385110678327.0,0.04894119456780879
1535385110687341.0,0.04894119456780879
1535385110696747.0,0.04894119456780879
1535385110707100.0,0.04894119456780879
1535385110716362.0,0.04894119456780879
1535385110726851.0,0.04719586531581605
1535385110736395.0,0.04894119456780879
1535385110747310.0,0.04894119456780879
1535385110757261.0,0.04894119456780879
1535385110766828.0,0.04719586531581605
1535385110777197.0,0.04894119456780879
1535385110786490.0,0.04719586531581605
1535385110796886.0,0.04894119456780879
1535385110806397.0,0.04894119456780879
1535385110816988.0,0.04894119456780879
1535385110827256.0,0.04894119456780879
1535385110837276.0,0.04894119456780879
1535385110847114.0,0.04894119456780879
1535385110856348.0,0.04894119456780879
1535385110866618.0,0.04894119456780879
1535385110877154.0,0.04894119456780879
1535385110886654.0,0.04894119456780879
1535385110897262.0,0.04894119456780879
1535385110907262.0,0.04894119456780879
1535385110937168.0,0.04894119456780879
1535385110946717.0,0.04719586531581605
1535385110957250.0,0.04894119456780879
1535385110967229.0,0.04894119456780879
1535385110976761.0,0.04894119456780879
1535385110986899.0,0.04894119456780879
1535385110996276.0,0.04719586531581605
1535385111007123.0,0.04719586531581605
1535385111016356.0,0.04894119456780879
1535385111026887.0,0.04894119456780879
1535385111036476.0,0.04894119456780879
1535385111047212.0,0.04894119456780879
1535385111057212.0,0.04719586531581605
1535385111067570.0,0.04719586531581605
1535385111076419.0,0.04719586531581605
1535385111086704.0,0.04719586531581605
1535385111097216.0,0.04719586531581605
1535385111106788.0,0.04719586531581605
1535385111116427.0,0.04719586531581605
1535385111127208.0,0.04545053606382331
1535385111136636.0,0.04545053606382331
1535385111146964.0,0.043705206811830564
1535385111156648.0,0.04195987755982989
1535385111167113.0,0.04195987755982989
1535385111176656.0,0.04195987755982989
1535385111186227.0,0.038469219055844404
1535385111196752.0,0.038469219055844404
1535385111207014.0,0.03672388980385166
1535385111216362.0,0.03323323129985824
1535385111226850.0,0.031487902047865494
1535385111236187.0,0.02974257279587275
1535385111246719.0,0.02974257279587275
1535385111256314.0,0.027997243543880015
1535385111267144.0,0.026251914291887272
1535385111276754.0,0.026251914291887272
1535385111286351.0,0.02450658503988659
1535385111296730.0,0.02450658503988659
1535385111307122.0,0.02450658503988659
1535385111316505.0,0.02450658503988659
1535385111328261.0,0.02450658503988659
1535385111336919.0,0.02450658503988659
1535385111347106.0,0.02450658503988659
1535385111356464.0,0.02276125578789385
1535385111367000.0,0.02276125578789385
1535385111376355.0,0.02276125578789385
1535385111387143.0,0.02276125578789385
1535385111396777.0,0.02276125578789385
1535385111406293.0,0.02276125578789385
1535385111417114.0,0.021015926535901105
1535385111426241.0,0.021015926535901105
1535385111436672.0,0.019270597283908366
1535385111446918.0,0.019270597283908366
1535385111456300.0,0.017525268031915623
1535385111466876.0,0.015779938779914945
1535385111476505.0,0.014034609527922202
1535385111487135.0,0.01228928027592946
1535385111496992.0,0.010543951023936717
1535385111506258.0,0.008798621771943974
1535385111516657.0,0.005307963267950553
1535385111527402.0,0.0035626340159578117
1535385111536656.0,7.197551197232754e-05
1535385111546150.0,-0.003418682992021094
1535385111556792.0,-0.00865467074799932
1535385111567118.0,-0.012145329251992742
1535385111576554.0,-0.017381317007970968
1535385111586125.0,-0.019126646259971646
1535385111596416.0,-0.026107963267942617
1535385111606890.0,-0.029598621771936038
1535385111616427.0,-0.03483460952791426
1535385111627135.0,-0.041815926535893166
1535385111637122.0,-0.04705191429187933
1535385111646871.0,-0.05228790204785756
1535385111666727.0,-0.06450520681182262
1535385111676214.0,-0.06974119456780085
1535385111686720.0,-0.07148652381980153
1535385111696331.0,-0.07497718232378703
1535385111707027.0,-0.0784678408277725
1535385111717032.0,-0.08195849933176591
1535385111726536.0,-0.08370382858375866
1535385111736870.0,-0.08544915783575141
1535385111746168.0,-0.08719448708774416
1535385111756680.0,-0.08893981633974482
1535385111766163.0,-0.08893981633974482
1535385111776809.0,-0.08893981633974482
1535385111786049.0,-0.08893981633974482
1535385111796168.0,-0.08719448708774416
1535385111806406.0,-0.08893981633974482
1535385111816749.0,-0.08893981633974482
1535385111826316.0,-0.08893981633974482
1535385111836875.0,-0.08893981633974482
1535385111846413.0,-0.08893981633974482
1535385111856077.0,-0.08893981633974482
1535385111867021.0,-0.08893981633974482
1535385111876382.0,-0.08893981633974482
1535385111886158.0,-0.08893981633974482
1535385111896512.0,-0.08893981633974482
1535385111907001.0,-0.08893981633974482
1535385111916684.0,-0.08893981633974482
1535385111926057.0,-0.08893981633974482
1535385111936991.0,-0.08893981633974482
1535385111948569.0,-0.08893981633974482
1535385111956956.0,-0.08893981633974482
